{
  "extends": ["airbnb-base", "prettier"],
  "parserOptions": {
    "ecmaFeatures": {
      "jsx": true,
      "modules": true
    }
  },
  "settings": {
    "react": {
      "pragma": "h",
      "version": "15.0"
    },
    "import/resolver": {
      "webpack": {
        "config": "webpack.config.js"
      }
    }
  },
  "globals": {
    "__DEV__": false,
    "__DEMO__": false,
    "__BUILD__": false,
    "__VERSION__": false,
    "__STATIC_PATH__": false,
    "Polymer": true,
    "webkitSpeechRecognition": false,
    "ResizeObserver": false
  },
  "env": {
    "browser": true,
    "mocha": true
  },
  "rules": {
    "class-methods-use-this": 0,
    "new-cap": 0,
    "prefer-template": 0,
    "object-shorthand": 0,
    "func-names": 0,
    "prefer-arrow-callback": 0,
    "no-underscore-dangle": 0,
    "no-var": 0,
    "strict": 0,
    "prefer-spread": 0,
    "no-plusplus": 0,
    "no-bitwise": 0,
    "comma-dangle": 0,
    "vars-on-top": 0,
    "no-continue": 0,
    "no-param-reassign": 0,
    "no-multi-assign": 0,
    "radix": 0,
    "no-alert": 0,
    "no-return-await": 0,
    "prefer-destructuring": 0,
    "no-restricted-globals": [2, "event"],
    "prefer-promise-reject-errors": 0,
    "import/prefer-default-export": 0,
    "import/no-unresolved": 0,
    "import/extensions": [2, "ignorePackages"],
    "object-curly-newline": 0,
    "default-case": 0,
    "react/jsx-no-bind": [2, { "ignoreRefs": true }],
    "react/jsx-no-duplicate-props": 2,
    "react/self-closing-comp": 2,
    "react/prefer-es6-class": 2,
    "react/no-string-refs": 2,
    "react/require-render-return": 2,
    "react/no-find-dom-node": 2,
    "react/no-is-mounted": 2,
    "react/jsx-no-comment-textnodes": 2,
    "react/jsx-no-undef": 2,
    "react/jsx-uses-react": 2,
    "react/jsx-uses-vars": 2,
    "no-restricted-syntax": [0, "ForOfStatement"],
    "prettier/prettier": "error"
  },
  "plugins": ["react", "prettier"]
}
